{"sum": 544774.0, "avr": 532.005859375, "sumMD": 17229.0, "avrMD": 538.40625, "sumSD": 19570.0, "avrSD": 611.5625, "max": 998.0, "min": 100.0}